22222,12345,55555,Jane,Doe,0,https://www.linkedin.com/,https://website.com,JaneDoe22@gmail.com,914-555-5555,92 Smith Lane,Amazon
33333,12345,55555,Mike,Jordan,22222,https://www.linkedin.com/,https://website.com,MikeJordan32@gmail.com,115-233-4121,9 Gamble Lane,Microsoft
66666,12345,55555,Loddy,Smith,22222,https://www.linkedin.com/,https://website.com,LoddySmith99@gmail.com,233-123-8121,12 Pigeon Street,Facebook
89213,12345,55555,Jill,Trout,0,https://www.linkedin.com/,https://website.com,JillTrout1@hotmail.com,123-112-4214,121 South Sreet,Westpoint
31203,12345,55555,Benny,Morton,89213,https://www.linkedin.com/,https://website.com,BennyMorton@gmail.com,121-443-8912,12 Lane Street,Eastpoint
98123,12345,44444,Jordan,Ginsberg,0,https://www.linkedin.com/,https://website.com,JordanGinsberg11@gmail.com,914-888-2920,35 East Street,Uppoint
80213,12345,44444,Sophia,Hebert,98123,https://www.linkedin.com/,https://website.com,SophiaHebert211@hotmail.com,877-213-1277,87 Car Street,Facebook
